{
  "created_utc": "2025-12-29T22:32:11+00:00",
  "model": "xgboost",
  "params": {
    "seed": 42,
    "n_estimators": 600,
    "max_depth": 6,
    "learning_rate": 0.05
  },
  "val": {
    "accuracy": 0.33666666666666667,
    "macro_f1": 0.33665196593319857,
    "weighted_f1": 0.3366810957634009,
    "classification_report": {
      "0": {
        "precision": 0.34409136047666333,
        "recall": 0.34409136047666333,
        "f1-score": 0.34409136047666333,
        "support": 2014.0
      },
      "1": {
        "precision": 0.32755203171456887,
        "recall": 0.3321608040201005,
        "f1-score": 0.32984031936127745,
        "support": 1990.0
      },
      "2": {
        "precision": 0.3384146341463415,
        "recall": 0.3336673346693387,
        "f1-score": 0.3360242179616549,
        "support": 1996.0
      },
      "accuracy": 0.33666666666666667,
      "macro avg": {
        "precision": 0.3366860087791912,
        "recall": 0.3366398330553675,
        "f1-score": 0.33665196593319857,
        "support": 6000.0
      },
      "weighted avg": {
        "precision": 0.3367173588113483,
        "recall": 0.33666666666666667,
        "f1-score": 0.3366810957634009,
        "support": 6000.0
      }
    }
  },
  "test": {
    "accuracy": 0.335,
    "macro_f1": 0.3349454003695693,
    "weighted_f1": 0.33494941705859615,
    "classification_report": {
      "0": {
        "precision": 0.33712308452792883,
        "recall": 0.3386295928500497,
        "f1-score": 0.33787465940054495,
        "support": 2014.0
      },
      "1": {
        "precision": 0.3362875430822255,
        "recall": 0.34321608040201007,
        "f1-score": 0.3397164884357125,
        "support": 1990.0
      },
      "2": {
        "precision": 0.3314491264131552,
        "recall": 0.32314629258517036,
        "f1-score": 0.3272450532724505,
        "support": 1996.0
      },
      "accuracy": 0.335,
      "macro avg": {
        "precision": 0.33495325134110315,
        "recall": 0.3349973219457434,
        "f1-score": 0.3349454003695693,
        "support": 6000.0
      },
      "weighted avg": {
        "precision": 0.33495842654892255,
        "recall": 0.335,
        "f1-score": 0.33494941705859615,
        "support": 6000.0
      }
    }
  }
}