{
  "created_utc": "2025-12-29T22:30:33+00:00",
  "model": "xgboost",
  "params": {
    "seed": 42,
    "n_estimators": 50,
    "max_depth": 6,
    "learning_rate": 0.05
  },
  "val": {
    "accuracy": 0.32916666666666666,
    "macro_f1": 0.32914895434313846,
    "weighted_f1": 0.32916105571339843,
    "classification_report": {
      "0": {
        "precision": 0.3360488798370672,
        "recall": 0.32770605759682225,
        "f1-score": 0.33182503770739064,
        "support": 2014.0
      },
      "1": {
        "precision": 0.32706002034587994,
        "recall": 0.3231155778894472,
        "f1-score": 0.3250758341759353,
        "support": 1990.0
      },
      "2": {
        "precision": 0.32463768115942027,
        "recall": 0.3366733466933868,
        "f1-score": 0.3305459911460895,
        "support": 1996.0
      },
      "accuracy": 0.32916666666666666,
      "macro avg": {
        "precision": 0.32924886044745577,
        "recall": 0.3291649940598854,
        "f1-score": 0.32914895434313846,
        "support": 6000.0
      },
      "weighted avg": {
        "precision": 0.3292714493457262,
        "recall": 0.32916666666666666,
        "f1-score": 0.32916105571339843,
        "support": 6000.0
      }
    }
  },
  "test": {
    "accuracy": 0.3388333333333333,
    "macro_f1": 0.3386751164486745,
    "weighted_f1": 0.3386838940558498,
    "classification_report": {
      "0": {
        "precision": 0.33902561526870917,
        "recall": 0.33515392254220455,
        "f1-score": 0.33707865168539325,
        "support": 2014.0
      },
      "1": {
        "precision": 0.32921174652241114,
        "recall": 0.32110552763819095,
        "f1-score": 0.32510811498346476,
        "support": 1990.0
      },
      "2": {
        "precision": 0.347678916827853,
        "recall": 0.3602204408817635,
        "f1-score": 0.35383858267716534,
        "support": 1996.0
      },
      "accuracy": 0.3388333333333333,
      "macro avg": {
        "precision": 0.33863875953965783,
        "recall": 0.338826630354053,
        "f1-score": 0.3386751164486745,
        "support": 6000.0
      },
      "weighted avg": {
        "precision": 0.33864934711986217,
        "recall": 0.3388333333333333,
        "f1-score": 0.3386838940558498,
        "support": 6000.0
      }
    }
  }
}