{
  "created_utc": "2025-12-29T22:31:46+00:00",
  "model": "random_forest",
  "params": {
    "seed": 42,
    "n_estimators": 500,
    "max_depth": null
  },
  "val": {
    "accuracy": 0.3335,
    "macro_f1": 0.33349484532257295,
    "weighted_f1": 0.3335006623349714,
    "classification_report": {
      "0": {
        "precision": 0.32608695652173914,
        "recall": 0.3426017874875869,
        "f1-score": 0.3341404358353511,
        "support": 2014.0
      },
      "1": {
        "precision": 0.33265097236438074,
        "recall": 0.32663316582914576,
        "f1-score": 0.32961460446247465,
        "support": 1990.0
      },
      "2": {
        "precision": 0.34248704663212437,
        "recall": 0.3311623246492986,
        "f1-score": 0.336729495669893,
        "support": 1996.0
      },
      "accuracy": 0.3335,
      "macro avg": {
        "precision": 0.33374165850608145,
        "recall": 0.33346575932201045,
        "f1-score": 0.33349484532257295,
        "support": 6000.0
      },
      "weighted avg": {
        "precision": 0.3337197850862701,
        "recall": 0.3335,
        "f1-score": 0.3335006623349714,
        "support": 6000.0
      }
    }
  },
  "test": {
    "accuracy": 0.3273333333333333,
    "macro_f1": 0.32724805587117817,
    "weighted_f1": 0.32725916041099407,
    "classification_report": {
      "0": {
        "precision": 0.32091290172333486,
        "recall": 0.34210526315789475,
        "f1-score": 0.33117039173275653,
        "support": 2014.0
      },
      "1": {
        "precision": 0.3317901234567901,
        "recall": 0.3241206030150754,
        "f1-score": 0.327910523640061,
        "support": 1990.0
      },
      "2": {
        "precision": 0.33001571503404925,
        "recall": 0.3156312625250501,
        "f1-score": 0.322663252240717,
        "support": 1996.0
      },
      "accuracy": 0.3273333333333333,
      "macro avg": {
        "precision": 0.3275729134047247,
        "recall": 0.3272857095660067,
        "f1-score": 0.32724805587117817,
        "support": 6000.0
      },
      "weighted avg": {
        "precision": 0.32754871615962844,
        "recall": 0.3273333333333333,
        "f1-score": 0.32725916041099407,
        "support": 6000.0
      }
    }
  }
}