{
  "created_utc": "2025-12-29T22:22:09+00:00",
  "model": "random_forest",
  "params": {
    "seed": 42,
    "n_estimators": 20,
    "max_depth": null
  },
  "val": {
    "accuracy": 0.31866666666666665,
    "macro_f1": 0.31703130916877104,
    "weighted_f1": 0.3170951277660175,
    "classification_report": {
      "0": {
        "precision": 0.31646108039132287,
        "recall": 0.36941410129096325,
        "f1-score": 0.340893470790378,
        "support": 2014.0
      },
      "1": {
        "precision": 0.32447342026078235,
        "recall": 0.3251256281407035,
        "f1-score": 0.3247991967871486,
        "support": 1990.0
      },
      "2": {
        "precision": 0.3148036253776435,
        "recall": 0.26102204408817636,
        "f1-score": 0.2854012599287866,
        "support": 1996.0
      },
      "accuracy": 0.31866666666666665,
      "macro avg": {
        "precision": 0.3185793753432496,
        "recall": 0.3185205911732811,
        "f1-score": 0.31703130916877104,
        "support": 6000.0
      },
      "weighted avg": {
        "precision": 0.31856712641347623,
        "recall": 0.31866666666666665,
        "f1-score": 0.3170951277660175,
        "support": 6000.0
      }
    }
  },
  "test": {
    "accuracy": 0.3363333333333333,
    "macro_f1": 0.334343656831017,
    "weighted_f1": 0.3344059798077895,
    "classification_report": {
      "0": {
        "precision": 0.3316603931409452,
        "recall": 0.39374379344587884,
        "f1-score": 0.3600454029511918,
        "support": 2014.0
      },
      "1": {
        "precision": 0.3520694941236587,
        "recall": 0.34623115577889446,
        "f1-score": 0.34912591841905244,
        "support": 1990.0
      },
      "2": {
        "precision": 0.324455205811138,
        "recall": 0.2685370741482966,
        "f1-score": 0.29385964912280704,
        "support": 1996.0
      },
      "accuracy": 0.3363333333333333,
      "macro avg": {
        "precision": 0.33606169769191396,
        "recall": 0.33617067445769,
        "f1-score": 0.334343656831017,
        "support": 6000.0
      },
      "weighted avg": {
        "precision": 0.33603248598182933,
        "recall": 0.3363333333333333,
        "f1-score": 0.3344059798077895,
        "support": 6000.0
      }
    }
  }
}